"kazkas","kazkas","5","1234"
"vardenis","pavardenis","6","25698"
"Evie-Grace ","Power","1","4567"
"Lainey ","Mcclain","5","12345"
"Shayaan ","Holmes","2","5651"
"James ","Sparks","3","2345"
"Iman ","Bruce","4","456485"
"Fynley ","Ballard","5","356434"
"Eleri ","Dickinson","6","5642"
"Madeline ","Richardson","4","654454"
"Kylo ","Grainger","2","6546545"
"Isadora ","Stark","1","65555"
"vardenis","pavardenis","6","25698"
"Evie-Grace ","Power","1","4567"
"Lainey ","Mcclain","5","12345"
"Shayaan ","Holmes","2","5651"
"James ","Sparks","3","2345"
"Iman ","Bruce","4","456485"
"Fynley ","Ballard","5","356434"
"Eleri ","Dickinson","6","5642"
"Madeline ","Richardson","4","654454"
"Kylo ","Grainger","2","6546545"
"Isadora ","Stark","1","65555"
"vardenis","pavardenis","5","1234"
